cas ; 1758
étude ; 1210
application ; 1087
exemple ; 1019
approche ; 1006
analyse ; 838
enjeu ; 670
apport ; 404
nouvelle ; 348
histoire ; 345
rôle ; 321
état ; 283
effet ; 269
réflexion ; 256
modèle ; 255
outil ; 251
comment ; 250
regard ; 242
expérience ; 240
impact ; 234
question ; 232
pratique ; 230
a ; 227
mise ; 226
nouveau ; 225
contribution ; 218
rapport ; 208
entretien ; 197
quand ; 193
retour ; 190
propo ; 187
élément ; 184
perspective ; 182
comparaison ; 178
essai ; 175
évolution ; 175
politique ; 168
construction ; 164
influence ; 164
modélisation ; 161
acte ; 160
bilan ; 159
introduction ; 158
lecture ; 155
etude ; 154
deu ; 153
stratégie ; 150
proposition ; 150
méthode ; 148
évaluation ; 145
aspect ; 144
résultat ; 143
caractérisation ; 142
relation ; 138
développement ; 137
représentation ; 134
autour ; 131
place ; 131
par ; 129
recherche ; 129
dynamique ; 128
implication ; 127
que ; 127
colloque ; 126
projet ; 125
usage ; 118
the ; 118
enquête ; 114
point ; 112
enseignement ; 112
sou ; 111
forme ; 110
défi ; 110
cahier ; 109
note ; 106
espace ; 105
droit ; 103
premier ; 100
conception ; 100
observation ; 99
présentation ; 97
synthèse ; 97
conséquence ; 97
revue ; 95
problème ; 95
expérimentale ; 94
croisé ; 94
concept ; 93
système ; 92
dispositif ; 91
critique ; 91
an ; 90
comparative ; 89
intérêt ; 89
première ; 88
discour ; 87
remarque ; 86
séminaire ; 83
objet ; 83
jeu ; 82
chronique ; 82
ce ; 81
émergence ; 81
art ; 80
: ; 79
théorie ; 78
processu ; 77
mythe ; 76
n° ; 76
utilisation ; 75
interaction ; 75
réponse ; 75
méthodologique ; 74
identité ; 74
écriture ; 74
historique ; 74
technique ; 73
figure ; 73
facteur ; 72
réseau ; 71
théorique ; 71
origine ; 70
jurisdata ; 70
intégration ; 69
image ; 69
pourquoi ; 69
in ; 69
troi ; 68
genèse ; 68
définition ; 67
principe ; 67
donnée ; 67
lien ; 67
expérimentation ; 66
autre ; 65
and ; 65
traduction ; 65
territoire ; 64
acteur ; 63
identification ; 63
phénomène ; 63
production ; 62
contexte ; 61
condition ; 61
héritage ; 61
mémoire ; 61
diversité ; 60
conférence ; 60
démarche ; 60
source ; 60
innovation ; 60
méthodologie ; 59
limite ; 59
se ; 59
récit ; 59
travail ; 58
comparée ; 58
structure ; 57
activité ; 57
parcour ; 57
nouvel ; 56
logique ; 56
texte ; 55
mesure ; 55
linguistique ; 55
lieu ; 55
cour ; 54
piste ; 54
mécanisme ; 54
prise ; 54
mode ; 54
formation ; 53
journée ; 53
trajectoire ; 53
paradoxe ; 53
problématique ; 52
action ; 52
grand ; 52
cass. ; 52
interprétation ; 51
exploration ; 51
choi ; 51
élaboration ; 51
édition ; 51
commentaire ; 50
optimisation ; 50
notion ; 50
économique ; 49
langue ; 49
science ; 49
- ; 49
sociologie ; 48
qui ; 48
poétique ; 48
adaptation ; 48
description ; 48
fonction ; 48
instrument ; 47
fin ; 47
cadre ; 47
économie ; 47
perception ; 47
témoignage ; 47
architecture ; 47
contrainte ; 46
changement ; 45
voie ; 45
préliminaire ; 45
esthétique ; 45
réalité ; 45
débat ; 45
ressource ; 45
roman ; 45
sociale ; 45
savoir ; 45
leçon ; 44
école ; 44
gestion ; 44
transformation ; 44
environnement ; 44
culture ; 43
variation ; 43
diagnostic ; 43
rencontre ; 43
modalité ; 43
traitement ; 43
siècle ; 43
organisation ; 42
utopie ; 42
genre ; 42
affaire ; 41
illustration ; 41
situation ; 41
spécificité ; 40
crise ; 40
expression ; 40
importance ; 40
imaginaire ; 40
communication ; 39
ville ; 39
vision ; 39
théâtre ; 39
opportunité ; 39
mutation ; 38
comprendre ; 38
itinéraire ; 38
conflit ; 38
archéologie ; 37
fondement ; 37
comme ; 37
"le ; 37
penser ; 37
plateforme ; 36
paysage ; 36
dimension ; 36
quoi ; 36
vie ; 36
rupture ; 36
au-delà ; 36
risque ; 36
statut ; 36
transfert ; 36
apprendre ; 35
leur ; 35
articulation ; 35
esquisse ; 35
révolution ; 35
éthique ; 35
contrôle ; 35
numérique ; 35
scientifique ; 35
of ; 35
hommage ; 35
circulation ; 35
information ; 34
dialogue ; 34
programme ; 34
pa ; 34
etat ; 34
éclairage ; 34
pratiques ; 34
voyage ; 34
fait ; 34
potentiel ; 33
aperçu ; 33
exposition ; 33
apprentissage ; 33
patrimoine ; 33
naissance ; 33
pouvoir ; 33
sémantique ; 33
temp ; 33
littérature ; 33
comportement ; 32
simulation ; 32
mélange ; 32
transmission ; 32
moyen ; 32
guide ; 32
double ; 32
engagement ; 31
site ; 31
où ; 31
validation ; 31
typologie ; 31
création ; 31
nature ; 31
son ; 31
juridique ; 31
tradition ; 31
aide ; 30
tentative ; 30
réforme ; 30
faire ; 30
croisée ; 29
corpu ; 29
difficulté ; 29
monde ; 29
alternative ; 29
quête ; 29
portrait ; 28
suivi ; 28
impossible ; 28
base ; 28
géographie ; 28
invention ; 28
dossier ; 28
est ; 28
françai ; 28
indicateur ; 28
efficacité ; 28
from ; 28
grande ; 28
transition ; 28
peut-on ; 28
continuité ; 28
propriété ; 27
frontière ; 27
rhétorique ; 27
norme ; 27
guerre ; 27
construire ; 27
configuration ; 27
france ; 27
femme ; 27
levier ; 27
logiciel ; 27
campagne ; 27
http ; 27
œuvre ; 27
nécessité ; 26
didactique ; 26
résistance ; 26
fiction ; 26
difficile ; 26
présence ; 26
actualité ; 26
plu ; 26
mobilité ; 26
convergence ; 26
faut-il ; 25
acteurs ; 25
? ; 25
incidence ; 25
si ; 25
jean ; 25
littéraire ; 25
précision ; 25
langage ; 25
exploratoire ; 25
objectif ; 25
philosophie ; 25
champ ; 25
numéro ; 25
cinéma ; 25
pensée ; 24
échange ; 24
estimation ; 24
fabrique ; 24
tension ; 24
pluridisciplinaire ; 24
empirique ; 24
elément ; 24
sociologique ; 24
public ; 24
expertise ; 24
partie ; 24
musique ; 24
concepts ; 24
lutte ; 24
hypothèse ; 24
anthropologie ; 24
laboratoire ; 24
livre ; 24
archive ; 23
atelier ; 23
comportementale ; 23
nécessaire ; 23
considération ; 23
clé ; 23
performance ; 23
lettre ; 23
controverse ; 23
entreprise ; 23
2 ; 23
valeur ; 23
case ; 23
diffusion ; 23
petit ; 22
avancée ; 22
corp ; 22
variabilité ; 22
ouverture ; 22
échelle ; 22
y ; 22
homme ; 22
médiation ; 22
technologie ; 22
service ; 22
inventaire ; 22
new ; 22
article ; 22
1 ; 22
tome ; 22
il ; 22
aprè ; 22
solution ; 22
terrain ; 22
compte ; 22
exercice ; 21
unité ; 21
clinique ; 21
trace ; 21
spatiale ; 21
culturelle ; 21
différence ; 21
mot ; 21
panorama ; 21
final ; 21
sont ; 21
appropriation ; 21
 ; 21
déterminant ; 21
paradigme ; 21
intervention ; 21
amélioration ; 21
permanence ; 21
document ; 21
ethnographie ; 21
support ; 20
urbaine ; 20
marqueur ; 20
voi ; 20
compte-rendu ; 20
protocole ; 20
constitution ; 20
génétique ; 20
archéologique ; 20
éducation ; 20
pertinence ; 20
centre ; 20
niveau ; 20
étape ; 20
questionnement ; 20
syntaxe ; 20
parole ; 20
confrontation ; 19
